<?xml version="1.0" encoding="utf-8"?>
<odoo>
    <data noupdate="1">
        <!-- Cron Job: Send Pending WhatsApp Notifications -->
        <record id="ir_cron_send_whatsapp_notifications" model="ir.cron">
            <field name="name">Waiting List: Send WhatsApp Notifications</field>
            <field name="model_id" ref="waiting_list_enterprise.model_waiting_list_notification"/>
            <field name="state">code</field>
            <field name="code">model._cron_send_whatsapp_notifications()</field>
            <field name="interval_number">3</field>
            <field name="interval_type">minutes</field>
            <field name="priority">5</field>
        </record>
    </data>
</odoo>
