<?xml version="1.0" encoding="utf-8"?>
<odoo>
    <data noupdate="1">
        
        <!-- Customer Categories for Restaurant -->
        <record id="customer_category_vip" model="res.partner.category">
            <field name="name">VIP Customer</field>
            <field name="color">5</field>
        </record>
        
        <record id="customer_category_regular" model="res.partner.category">
            <field name="name">Regular Customer</field>
            <field name="color">3</field>
        </record>
        
        <record id="customer_category_new" model="res.partner.category">
            <field name="name">New Customer</field>
            <field name="color">1</field>
        </record>
        
        <record id="customer_category_group" model="res.partner.category">
            <field name="name">Group/Party</field>
            <field name="color">7</field>
        </record>
        
    </data>
</odoo>