<?xml version="1.0" encoding="utf-8"?>
<odoo>
    <data noupdate="1">
        
        <!-- Waiting List Sequence -->
        <record id="sequence_waiting_list" model="ir.sequence">
            <field name="name">Waiting List</field>
            <field name="code">waiting.list</field>
            <field name="prefix">WL</field>
            <field name="padding">5</field>
            <field name="number_next">1</field>
            <field name="number_increment">1</field>
            <field name="company_id" eval="False"/>
        </record>
        
    </data>
</odoo>