<?xml version="1.0" encoding="utf-8"?>
<odoo>
    <data noupdate="1">
        <!-- Cron Job: Process Pending Notifications -->
        <record id="ir_cron_process_pending_notifications" model="ir.cron">
            <field name="name">Waiting List: Process Pending Notifications</field>
            <field name="model_id" ref="waiting_list_enterprise.model_waiting_list_notification"/>
            <field name="state">code</field>
            <field name="code">model._cron_process_pending_notifications()</field>
            <field name="interval_number">5</field>
            <field name="interval_type">minutes</field>
            <field name="priority">5</field>
        </record>

        <!-- Cron Job: Cleanup Old Notifications -->
        <record id="ir_cron_cleanup_old_notifications" model="ir.cron">
            <field name="name">Waiting List: Cleanup Old Notifications</field>
            <field name="model_id" ref="waiting_list_enterprise.model_waiting_list_notification"/>
            <field name="state">code</field>
            <field name="code">model._cron_cleanup_old_notifications()</field>
            <field name="interval_number">1</field>
            <field name="interval_type">days</field>
            <field name="priority">10</field>
        </record>
    </data>
</odoo>
