<?xml version="1.0" encoding="utf-8"?>
<odoo>
    <data noupdate="1">
        
        <!-- Security Groups -->
        <record id="group_waiting_list_hostess" model="res.groups">
            <field name="name">Waiting List Hostess</field>
        </record>
        
        <record id="group_waiting_list_manager" model="res.groups">
            <field name="name">Waiting List Manager</field>
            <field name="implied_ids" eval="[(4, ref('group_waiting_list_hostess'))]"/>
        </record>
        
        <record id="group_waiting_list_admin" model="res.groups">
            <field name="name">Waiting List Admin</field>
            <field name="implied_ids" eval="[(4, ref('group_waiting_list_manager'))]"/>
        <field name="user_ids" eval="[(4, ref('base.user_root')), (4, ref('base.user_admin'))]"/>
    </record>
        
    <!-- Waiting List Rules -->
        <record id="waiting_list_rule_manager" model="ir.rule">
            <field name="name">Manager/Admin: All Waiting List Multi-Company</field>
            <field name="model_id" ref="model_waiting_list"/>
            <field name="domain_force">['|', ('company_id', '=', False), ('company_id', 'in', company_ids)]</field>
            <field name="groups" eval="[(4, ref('group_waiting_list_manager')), (4, ref('group_waiting_list_admin'))]"/>
        </record>
        
        <record id="waiting_list_rule_hostess" model="ir.rule">
            <field name="name">Hostess: All Waiting List Multi-Company</field>
            <field name="model_id" ref="model_waiting_list"/>
            <field name="domain_force">['|', ('company_id', '=', False), ('company_id', 'in', company_ids)]</field>
            <field name="groups" eval="[(4, ref('group_waiting_list_hostess'))]"/>
        </record>
        
        <!-- Customer Rules -->
        <record id="partner_rule_restaurant_customers" model="ir.rule">
            <field name="name">Customers Multi-Company</field>
            <field name="model_id" ref="base.model_res_partner"/>
            <field name="domain_force">['|', ('company_id', '=', False), ('company_id', 'in', company_ids)]</field>
            <field name="groups" eval="[(4, ref('group_waiting_list_hostess'))]"/>
        </record>
        
    </data>
</odoo>