id,name,model_id:id,group_id:id,perm_read,perm_write,perm_create,perm_unlink
access_waiting_list_enterprise_user,waiting.list.enterprise.user,waiting_list_base.model_waiting_list,waiting_list_base.group_waiting_list_hostess,1,1,1,0
access_waiting_list_enterprise_manager,waiting.list.enterprise.manager,waiting_list_base.model_waiting_list,waiting_list_base.group_waiting_list_manager,1,1,1,1
access_restaurant_table_hostess,restaurant.table.hostess,pos_restaurant.model_restaurant_table,waiting_list_base.group_waiting_list_hostess,1,0,0,0
access_restaurant_floor_hostess,restaurant.floor.hostess,pos_restaurant.model_restaurant_floor,waiting_list_base.group_waiting_list_hostess,1,0,0,0
access_pos_config_hostess,pos.config.hostess,point_of_sale.model_pos_config,waiting_list_base.group_waiting_list_hostess,1,0,0,0
access_waiting_list_notification_hostess,waiting.list.notification.hostess,model_waiting_list_notification,waiting_list_base.group_waiting_list_hostess,1,0,1,0
access_waiting_list_notification_manager,waiting.list.notification.manager,model_waiting_list_notification,waiting_list_base.group_waiting_list_manager,1,1,1,1
